clip_id,label,label_3c,group_id,device,fold
c003cd25f5a5f,leak,leak,g90008d534d,noise logger,val
c00c343da6afa,leak,leak,gb24583bad5,noise logger,test
c0128b879694e,no_leak,no_leak,g1a1e006151,noise logger,test
c02543903a0da,leak,leak,g0dc60b63c4,noise logger,train
c033723905116,no_leak,no_leak,g3fbe7ffa72,noise logger,test
c034866574cf1,leak,leak,gd633d9c2a7,noise logger,test
c040f9dc9b422,leak,leak,gd3a4050039,noise logger,val
c04206cc802ff,no_leak,no_leak,g93f57e4971,noise logger,train
c04498a7ed239,leak,leak,gd09830c3f7,hydrophone,val
c04baf7fef3e6,no_leak,no_leak,gcd751f65bd,noise logger,test
c050246533b34,no_leak,no_leak,g93f57e4971,noise logger,train
c050cf56bc553,no_leak,no_leak,gea042922d6,noise logger,train
c05d66d9aed9d,no_leak,no_leak,g3cc844e970,hydrophone,train
c05d8158c3707,leak,leak,g632a2e7108,noise logger,train
c05da778ba8ec,no_leak,no_leak,gea042922d6,noise logger,train
c05f4f069b542,no_leak,no_leak,g953e24b384,noise logger,val
c062288ccfbf0,leak,leak,ge46d7df3d6,noise logger,val
c063306a756e0,no_leak,no_leak,g953e24b384,noise logger,val
c064b4d3a7013,leak,leak,g501d705caa,noise logger,train
c06568d1b9f0f,leak,leak,g91e35525fa,noise logger,train
c067add6c95ef,no_leak,no_leak,g90d728455c,hydrophone,train
c06ccf39a495b,leak,leak,g2770c5a3c6,noise logger,test
c0733c4c950d5,no_leak,no_leak,gea042922d6,noise logger,train
c07be70f98513,no_leak,no_leak,ge461b80ac9,hydrophone,train
c07c975f95b7e,leak,leak,g7743b0601e,noise logger,val
c07e9a820a771,no_leak,no_leak,g3cc844e970,hydrophone,train
c07f1a9a23449,no_leak,no_leak,gea042922d6,noise logger,train
c0805b0f448be,no_leak,no_leak,g90d728455c,hydrophone,train
c089e36733958,leak,leak,g1c98834423,noise logger,train
c08a67eff0015,no_leak,no_leak,g3dc66f5a62,noise logger,train
c0911d89cc12e,leak,leak,g57e9c44b88,noise logger,val
c0939263c9853,no_leak,no_leak,ge461b80ac9,hydrophone,train
c0961e1ade67e,no_leak,no_leak,g93f57e4971,noise logger,train
c09845d7bb23e,leak,leak,gd633d9c2a7,noise logger,test
c09d46248c4c7,no_leak,noise,g2699508b27,noise logger,train
c09f5a9f2c37e,no_leak,no_leak,g93f57e4971,noise logger,train
c0a700e9fe637,leak,leak,g547cdb378c,noise logger,val
c0a9746b5d9ae,leak,leak,gc2ad087132,hydrophone,test
c0c6081270402,leak,leak,g286d8484cb,noise logger,train
c0c71a8a9cb3b,no_leak,no_leak,g094234dd26,hydrophone,train
c0c964c407cd9,no_leak,no_leak,g094234dd26,hydrophone,train
c0cb708e68599,no_leak,no_leak,g3cc844e970,hydrophone,train
c0d7da724a381,leak,leak,g5b87e2ecdf,noise logger,test
c0da64783fe68,no_leak,no_leak,g094234dd26,hydrophone,train
c0dda64d44b22,no_leak,no_leak,gea042922d6,noise logger,train
c0e1ae9059e5f,leak,leak,g506e358162,noise logger,train
c0e232e8abefd,no_leak,no_leak,g953e24b384,noise logger,val
c0e40d3aab938,leak,leak,g603bd7abc6,noise logger,test
c0f537ec98725,no_leak,no_leak,g93f57e4971,noise logger,train
c0f88d4e5d2f8,leak,leak,gc738817d71,noise logger,train
c0f921fc0a408,no_leak,noise,gfbae961416,noise logger,train
c0fe8fba2c03f,leak,leak,g89e835056a,hydrophone,val
c10273d0a0209,no_leak,no_leak,ge461b80ac9,hydrophone,train
c103ffc107587,leak,leak,g506e358162,noise logger,train
c10c1667ab97e,no_leak,no_leak,g3fbe7ffa72,noise logger,test
c10c680f7a935,no_leak,no_leak,g3fbe7ffa72,noise logger,test
c10cb1f471566,no_leak,noise,g56541b0ca2,noise logger,train
c10d8db301dc4,no_leak,noise,gbc5a7596b0,noise logger,train
c10dbbe1fe88e,leak,leak,gafc0f4072f,noise logger,train
c10f28ad85eb4,leak,leak,gdbd857e593,noise logger,train
c112f81c56ca1,leak,leak,g92ebe4b6ef,noise logger,train
c115e653341a1,no_leak,no_leak,g3fbe7ffa72,noise logger,test
c116a00f4fb3f,leak,leak,g54d07bb642,noise logger,train
c11831df929ff,no_leak,no_leak,g3dc66f5a62,noise logger,train
c11e7827033dd,leak,leak,geec76fe10f,noise logger,val
c122a79440158,no_leak,no_leak,g93f57e4971,noise logger,train
c1269b91604b3,leak,leak,gd20a2b9c29,noise logger,train
c128d061d7c0f,no_leak,no_leak,g953e24b384,noise logger,val
c132422b849a7,no_leak,noise,g48faea8687,noise logger,train
c13b609dbac9e,no_leak,noise,gee16bed717,noise logger,val
c14279feb46c4,leak,leak,gf3ca82006e,noise logger,test
c144c81ae2879,leak,leak,g2b5e88ca49,noise logger,test
c14884d921cc1,no_leak,noise,g2699508b27,noise logger,train
c1499c35cbab2,leak,leak,g94b1119776,hydrophone,train
c15011e08795d,no_leak,no_leak,g3fbe7ffa72,noise logger,test
c150583d1dbbe,leak,leak,gd7c7c04d20,noise logger,test
c1534fe458cda,leak,leak,g5142c16106,noise logger,train
c1564ac4f839d,leak,leak,g98b0f1afcd,noise logger,test
c15d5da067761,no_leak,no_leak,ge461b80ac9,hydrophone,train
c163826f414a4,no_leak,no_leak,g953e24b384,noise logger,val
c1683ed31e294,leak,leak,gc1d71cfa61,noise logger,train
c168af95e2156,no_leak,noise,g56541b0ca2,noise logger,train
c168e7b1c5768,no_leak,no_leak,g93f57e4971,noise logger,train
c172f3caf0939,no_leak,no_leak,g05e2446a61,noise logger,train
c17c3c87dbd77,no_leak,noise,g3f9430c0b8,noise logger,test
c186eb3b4bb13,leak,leak,g58cde69b07,noise logger,train
c189aa961829b,leak,leak,g5b87e2ecdf,noise logger,test
c18a6a959b315,no_leak,no_leak,g93f57e4971,noise logger,train
c18d59fc1c422,leak,leak,g14c7558ceb,noise logger,train
c18de6d16a39f,no_leak,noise,gf2b94f59db,noise logger,test
c18ded00027e1,no_leak,no_leak,g93f57e4971,noise logger,train
c18e2198c3457,leak,leak,gc3934ed536,noise logger,val
c1a020e75d17e,no_leak,no_leak,g953e24b384,noise logger,val
c1a51d58f9912,leak,leak,g8e07d12abb,noise logger,test
c1a75063384b0,leak,leak,geeb689b816,noise logger,train
c1a8c60507b53,no_leak,no_leak,g953e24b384,noise logger,val
c1a8f1d23de2c,leak,leak,g470b4cd1a9,hydrophone,train
c1aa75bc3586d,no_leak,noise,g48faea8687,noise logger,train
c1ab4f5e70960,leak,leak,g206ad93d54,hydrophone,train
c1b4b1aa0251e,leak,leak,g7bfd5a740e,noise logger,val
c1be97c617ebf,leak,leak,gafc0f4072f,noise logger,train
c1c028b713d91,leak,leak,g40e6f408ef,noise logger,train
c1c2fe8506dad,leak,leak,ge2e91c6ef4,noise logger,train
c1d12c9544383,no_leak,no_leak,g3fbe7ffa72,noise logger,test
c1d63f2fac16f,leak,leak,g3e241956a5,hydrophone,train
c1d7389b5e3dc,leak,leak,g9d9b22b231,noise logger,train
c1d9472c3c5b1,no_leak,noise,g7a1bb411f9,noise logger,train
c1dea85a5c168,no_leak,no_leak,g93f57e4971,noise logger,train
c1e54ae43a9f6,leak,leak,gf1d9f8e57a,noise logger,train
c1e5a1a35b9a6,leak,leak,g2568a67ee7,noise logger,train
c1ed5bae3fcd5,no_leak,no_leak,g05e2446a61,noise logger,train
c1ed6145e08e7,leak,leak,g0acca23c7a,noise logger,train
c1edfd0896ce2,no_leak,no_leak,g3fbe7ffa72,noise logger,test
c1f4f90ceab92,no_leak,noise,g4f536cdb1f,noise logger,train
c1f52dff62176,no_leak,no_leak,g094234dd26,hydrophone,train
c1f6d90ff3109,leak,leak,ga507d2b3aa,hydrophone,train
c1f6f5dc288b2,leak,leak,g3430d68adc,noise logger,train
c1f8778882df2,leak,leak,gbb52205e9a,noise logger,test
c1fb776519059,no_leak,no_leak,g93f57e4971,noise logger,train
c1fc6c093dcc4,no_leak,no_leak,g953e24b384,noise logger,val
c1fee47f9b4f5,no_leak,no_leak,g3fbe7ffa72,noise logger,test
c205da3820a47,leak,leak,g2b5e88ca49,noise logger,test
c20b154e99c77,no_leak,noise,gfc8ccbf519,noise logger,train
c20c972efdcce,no_leak,no_leak,g89cac0676b,hydrophone,test
c211a8d93216b,no_leak,no_leak,g93f57e4971,noise logger,train
c21382c66a1e0,no_leak,no_leak,g953e24b384,noise logger,val
c213d953c93c7,no_leak,noise,g0e3913060e,noise logger,test
c2149f5a4bc9e,no_leak,no_leak,g953e24b384,noise logger,val
c218cadc2240b,no_leak,no_leak,g3fbe7ffa72,noise logger,test
c21d17c5364a6,leak,leak,gbb125903cd,noise logger,val
c21fec37cf71a,leak,leak,g507ad2af92,noise logger,val
c22636298a23e,no_leak,noise,g5b9059d3c0,noise logger,test
c229af2fd57d6,leak,leak,g90008d534d,noise logger,val
c22b434ae486d,leak,leak,g286d8484cb,noise logger,train
c239d96cc7621,leak,leak,g84e6df9a56,noise logger,val
c2417970779b9,no_leak,noise,gfc8ccbf519,noise logger,train
c2466a0762a38,leak,leak,gc0861234f5,noise logger,train
c24b6690dc003,leak,leak,g428d4a7bb3,noise logger,train
c24bf7667eff5,no_leak,noise,g9f65caa4cc,noise logger,train
c24c62e755fb2,leak,leak,g4b6caecd15,hydrophone,train
c252a911dacef,leak,leak,g5a2aff033f,noise logger,train
c255805e4789f,leak,leak,g0c38813e32,hydrophone,train
c25f1d27f19ab,no_leak,no_leak,g3fbe7ffa72,noise logger,test
c260be2fa2319,leak,leak,g45651243a9,hydrophone,val
c265367c30825,no_leak,no_leak,g90d728455c,hydrophone,train
c26b98ad14b71,no_leak,no_leak,ge461b80ac9,hydrophone,train
c272ce4cb0a81,leak,leak,g5ac9b10b66,noise logger,val
c27365e6220c2,leak,leak,gba7632f5bc,noise logger,test
c27615e885482,leak,leak,g14d0f01183,hydrophone,test
c277454df54af,leak,leak,gc3934ed536,noise logger,val
c27bcc7508126,leak,leak,g3e241956a5,noise logger,train
c27cee2838d7a,leak,leak,g286d8484cb,noise logger,train
c27f20596e4e6,no_leak,no_leak,g953e24b384,noise logger,val
c283bca91f35e,no_leak,no_leak,gea042922d6,noise logger,train
c284910639b81,no_leak,noise,g9c6aca4851,noise logger,train
c285e347060a7,leak,leak,g0144df7ccf,noise logger,train
c29147b0882e2,leak,leak,gacaf3cb799,noise logger,test
c299b5b4aae15,leak,leak,g4618439c18,noise logger,val
c29d2d1cdd85f,no_leak,noise,gbb537ffe61,noise logger,train
c2a910ad7f603,no_leak,no_leak,g953e24b384,noise logger,val
c2a95223c7bb8,leak,leak,g3dac9ed788,hydrophone,test
c2adb1fc69ff8,leak,leak,ge2e91c6ef4,noise logger,train
c2b209108b35d,leak,leak,gb3c8b4b1e6,noise logger,train
c2b5b840613ec,leak,leak,g98fffd4021,noise logger,val
c2b5d9d0953cd,leak,leak,g5142c16106,noise logger,train
c2b8185b115a8,leak,leak,gc7720830fc,noise logger,train
c2b9686ec0b66,leak,leak,g68626bd706,noise logger,train
c2bae7438d26f,no_leak,no_leak,g93f57e4971,noise logger,train
c2bbf06b85c39,no_leak,no_leak,gea042922d6,noise logger,train
c2c0781b810b9,no_leak,no_leak,g3cc844e970,hydrophone,train
c2c13a3c5c847,leak,leak,g70d3296e66,hydrophone,train
c2c2b62f65cd0,no_leak,no_leak,gea042922d6,noise logger,train
c2c5757d3818f,no_leak,no_leak,g3cc844e970,hydrophone,train
c2c65e7f132d3,leak,leak,g3e395548cb,noise logger,val
c2d3366744da6,no_leak,no_leak,g89cac0676b,hydrophone,test
c2d54c2c7191b,leak,leak,gd240bae1de,hydrophone,train
c2d6485f4f337,leak,leak,g54d07bb642,noise logger,train
c2dd36ac4ea38,no_leak,no_leak,gea042922d6,noise logger,train
c2dfdb38d147e,no_leak,no_leak,g93f57e4971,noise logger,train
c2e1175a2b262,leak,leak,g476d513930,noise logger,train
c2e1f4b029952,leak,leak,g909c5a2d5a,hydrophone,train
c2e20fedcad53,leak,leak,g3277d84a47,noise logger,train
c2e3e909174c4,no_leak,noise,g8f7a0cb859,noise logger,train
c2e7509679ef5,no_leak,no_leak,g953e24b384,noise logger,val
c2ebcb34181f8,no_leak,no_leak,g953e24b384,noise logger,val
c2ec1a9453559,leak,leak,gc2fd925280,noise logger,test
c2ecd0fa43d40,no_leak,no_leak,g094234dd26,hydrophone,train
c2f249a637ac4,leak,leak,gfb96d0b918,noise logger,train
c2f625de9294d,leak,leak,g5d6cd9f146,noise logger,train
c2f88dd642dc9,no_leak,no_leak,g3fbe7ffa72,noise logger,test
c2fa3d2c64396,no_leak,no_leak,g094234dd26,hydrophone,train
c2fc07cf00173,leak,leak,g43e94f21f9,noise logger,train
c2fe894a582ae,no_leak,noise,g0972f8707d,noise logger,train
c2ffeffaf5c54,leak,leak,g68626bd706,noise logger,train
c30025926aa4b,leak,leak,g15a56e1313,noise logger,test
c302c6711a801,leak,leak,g2ec5024e12,noise logger,train
c3053a1cff2b1,leak,leak,g206926bdff,hydrophone,val
c30617b58ed2d,leak,leak,g84e6df9a56,noise logger,val
c30be90df9034,no_leak,noise,g6d2840f148,noise logger,train
c3147be2ea41d,no_leak,no_leak,g953e24b384,noise logger,val
c314af95e5f64,leak,leak,gc3c4957b0d,hydrophone,test
c31664f156265,leak,leak,g857176f12d,noise logger,test
c319fbeb58840,leak,leak,g072087e232,noise logger,train
c31a88363a2b6,no_leak,noise,gf2b94f59db,noise logger,test
c31dfc36d9429,leak,leak,gf01fea4a96,noise logger,train
c31ea3142c163,leak,leak,g7bfd5a740e,noise logger,val
c320c859a0212,no_leak,no_leak,g93f57e4971,noise logger,train
c324732bf50e7,no_leak,no_leak,ge461b80ac9,hydrophone,train
c327fafdf06d1,leak,leak,gd6710855ea,noise logger,train
c32debd0f41e6,leak,leak,gdbddc4e990,noise logger,train
c32e9ddbcf512,leak,leak,gf1d9f8e57a,noise logger,train
c3304359734ea,leak,leak,g82dfd833d5,hydrophone,train
c332cd97e3344,leak,leak,gf01fea4a96,hydrophone,train
c33454b6946ab,no_leak,no_leak,g3cc844e970,hydrophone,train
c33b9ec7b16e8,leak,leak,gd37c215a0d,noise logger,train
c341e4bf862ad,leak,leak,g071e97a2d7,noise logger,train
c344f46167aa8,no_leak,no_leak,g3fbe7ffa72,noise logger,test
c349962db1de6,no_leak,no_leak,g3fbe7ffa72,noise logger,test
c34c03a8f4d12,no_leak,no_leak,ge461b80ac9,hydrophone,train
c3557ad92637c,no_leak,noise,g9c6aca4851,noise logger,train
c357b15613e8b,leak,leak,gfb717eb434,hydrophone,train
c357e8e39d7f0,leak,leak,gc3934ed536,noise logger,val
c359805e182ff,no_leak,no_leak,gea042922d6,noise logger,train
c360f9c34e370,leak,leak,g490c8b2595,noise logger,train
c36185eaa50d7,no_leak,no_leak,gea042922d6,noise logger,train
c362698ae79b5,leak,leak,g57e9c44b88,noise logger,val
c36359baaaf59,no_leak,no_leak,g953e24b384,noise logger,val
c3694d0758433,no_leak,no_leak,g953e24b384,noise logger,val
c36eda6b94106,no_leak,noise,gfbae961416,noise logger,train
c37c7984c0c4f,no_leak,no_leak,g93f57e4971,noise logger,train
c37f2b3fca106,no_leak,no_leak,g93f57e4971,noise logger,train
c3919fdf6a141,no_leak,no_leak,ge461b80ac9,hydrophone,train
c3a2f1d312087,no_leak,no_leak,g89cac0676b,hydrophone,test
c3a54e1228375,no_leak,no_leak,g93f57e4971,noise logger,train
c3a78958bcf50,leak,leak,g4f19b097f7,noise logger,test
c3b228fa8030d,leak,leak,g57530c30f4,noise logger,train
c3b34b6d95497,leak,leak,g21e4feae5d,hydrophone,test
c3b743c669721,no_leak,no_leak,g3fbe7ffa72,noise logger,test
c3ba3126429f6,no_leak,no_leak,g3cc844e970,hydrophone,train
c3babd01aea3e,leak,leak,gf74e43eb6d,hydrophone,train
c3bd3873e11c7,leak,leak,g84e6df9a56,noise logger,val
c3c173dc615a2,no_leak,no_leak,g094234dd26,hydrophone,train
c3c559ca31f61,no_leak,no_leak,g953e24b384,noise logger,val
c3cd9a1ae0e6b,no_leak,no_leak,g05e2446a61,noise logger,train
c3d88ef161d0d,leak,leak,ge95fc27284,noise logger,val
c3d97dffa787c,no_leak,noise,gafcd56ed8e,noise logger,test
c3d9f0115f159,no_leak,no_leak,ge461b80ac9,hydrophone,train
c3e3923c46a6a,leak,leak,ge63afe2a67,noise logger,train
c3f4ad6feaae7,no_leak,no_leak,g1a1e006151,noise logger,test
c3f55dc63fc06,leak,leak,ge95fc27284,noise logger,val
c3f681c16daf0,leak,leak,g9c47e56729,noise logger,train
c4009fed4726f,no_leak,no_leak,g93f57e4971,noise logger,train
c404a4d0bccf9,no_leak,noise,g0972f8707d,noise logger,train
c404c110f5014,leak,leak,gd633d9c2a7,noise logger,test
c405b5009dfcc,leak,leak,g428d4a7bb3,noise logger,train
c4065022ff781,no_leak,noise,g0e3913060e,noise logger,test
c4123c493a2e2,no_leak,noise,gf283b20fab,noise logger,train
c4194701114cb,no_leak,no_leak,g89cac0676b,hydrophone,test
c41d8f7392b73,leak,leak,g9652c63613,noise logger,train
c42044c6c967e,no_leak,noise,gc338fc839e,noise logger,train
c4223cfd6c9a7,leak,leak,ga264ca40cc,hydrophone,train
c422b4e502ef8,leak,leak,g45714eae75,noise logger,train
c423c0ee36b07,no_leak,no_leak,g93f57e4971,noise logger,train
c4241382283c1,leak,leak,g286d8484cb,noise logger,train
c424eaa6fb66d,no_leak,no_leak,g93f57e4971,noise logger,train
c426e0dfd687a,leak,leak,g22f99b9ae0,hydrophone,train
c42980f8ee1d2,no_leak,no_leak,g1a1e006151,noise logger,test
c43b01676d4a6,leak,leak,geeb689b816,noise logger,train
c43d1d3739c55,no_leak,noise,g5e13531e77,noise logger,train
c43d5de714166,leak,leak,g4618439c18,noise logger,val
c446014999134,no_leak,no_leak,gea042922d6,noise logger,train
c44a5700b25a9,leak,leak,g95b4121ccc,hydrophone,train
c44e7e333e49c,no_leak,noise,g5e13531e77,noise logger,train
c451dc9a7aee5,leak,leak,g490c8b2595,noise logger,train
c4531f3f68c3d,no_leak,no_leak,g93f57e4971,noise logger,train
c45d529556769,no_leak,no_leak,g506666f9cd,noise logger,val
c45d6fd044845,leak,leak,g91fbce6ceb,noise logger,test
c45ef1394ce7d,no_leak,no_leak,g89cac0676b,hydrophone,test
c45faafac76b4,no_leak,no_leak,g094234dd26,hydrophone,train
c46047f8f11e7,leak,leak,gd8928d0702,noise logger,train
c46349e666c00,no_leak,no_leak,g953e24b384,noise logger,val
c46568b3af1b0,no_leak,no_leak,g3dc66f5a62,noise logger,train
c46a2f827cb8e,no_leak,no_leak,g953e24b384,noise logger,val
c46bb2eb3f09b,leak,leak,g506e358162,noise logger,train
c475678ae6ef8,leak,leak,ge8847668a7,hydrophone,train
c4797d1d717aa,no_leak,no_leak,gea042922d6,noise logger,train
c481e6c9d4b12,leak,leak,g43e94f21f9,noise logger,train
c483b56484ea5,leak,leak,ge955baee5a,noise logger,train
c483c2ee8d383,leak,leak,gebd2f87f75,noise logger,train
c48422d0520de,no_leak,no_leak,g953e24b384,noise logger,val
c48604ce69cc7,no_leak,noise,g8f7a0cb859,noise logger,train
c48771c3d97f5,leak,leak,g4a576e51e1,noise logger,train
c48dec7ba6c91,leak,leak,g3a101f83e1,hydrophone,train
c4a7854f53842,no_leak,no_leak,g93f57e4971,noise logger,train
c4aa009466bd9,leak,leak,gc9bce57238,noise logger,train
c4aa6a51658e8,leak,leak,g5000572014,hydrophone,train
c4ab5e59c0389,no_leak,no_leak,g89cac0676b,hydrophone,test
c4ae8944ab2a9,leak,leak,gf3e5ccf98e,noise logger,val
c4b2e80648cd5,no_leak,no_leak,g953e24b384,noise logger,val
c4b8ccff15ae0,leak,leak,gdbd857e593,noise logger,train
c4bf6a97e2cae,no_leak,noise,g7a1bb411f9,noise logger,train
c4bfadb83d3a1,no_leak,noise,gdb1eae8552,noise logger,val
c4c1da453683a,leak,leak,ga6e3a5a671,hydrophone,train
c4c44b6b5ad5b,leak,leak,g9e7f324ad1,noise logger,test
c4ce67f4b6dcb,no_leak,no_leak,g3cc844e970,hydrophone,train
c4cebd98eb883,no_leak,no_leak,ge461b80ac9,hydrophone,train
c4d60c890e072,no_leak,no_leak,g3dc66f5a62,noise logger,train
c4dd83943373a,no_leak,no_leak,g953e24b384,noise logger,val
c4e7f6b33ed4c,leak,leak,g84e6df9a56,noise logger,val
c4e8a21a3dbd8,leak,leak,g608ed34a62,noise logger,train
c4e93daa7ff67,no_leak,no_leak,g1a1e006151,noise logger,test
c4ea61abbc908,leak,leak,gfd5a19364f,noise logger,val
c4ebb971b1567,no_leak,no_leak,g93f57e4971,noise logger,train
c4ee01a96314b,no_leak,no_leak,g3fbe7ffa72,noise logger,test
c4ef9953000c4,leak,leak,g7b4758ba43,hydrophone,train
c4f0131614c87,leak,leak,ge294e6a1f3,noise logger,train
c4f10806e3732,leak,leak,g41c64e6544,noise logger,test
c4fb944f67bb2,no_leak,no_leak,gea042922d6,noise logger,train
c5024ce133721,no_leak,no_leak,g89cac0676b,hydrophone,test
c50b87f7091de,no_leak,no_leak,g3fbe7ffa72,noise logger,test
c50c4f2d91963,no_leak,no_leak,ge461b80ac9,hydrophone,train
c50cd33c4f25e,leak,leak,g462d4b1089,hydrophone,train
c511119b56f0a,no_leak,noise,g73818a446f,noise logger,val
c51565ea58fe0,no_leak,no_leak,g953e24b384,noise logger,val
c515a9a248c2c,leak,leak,g0d87d3c09a,hydrophone,train
c515e5a91852d,no_leak,no_leak,g3fbe7ffa72,noise logger,test
c51941b2ae81a,leak,leak,g898c7b63a7,hydrophone,train
c51b7eba14bd6,leak,leak,gb3c1e9585c,noise logger,train
c51bc0f90becd,leak,leak,gbbc4cf2d36,noise logger,train
c51eb51347f21,no_leak,no_leak,g93f57e4971,noise logger,train
c5221e555e452,leak,leak,gc93c129beb,hydrophone,train
c52262f16cdaa,no_leak,no_leak,g3fbe7ffa72,noise logger,test
c5252a01e683d,no_leak,noise,g48faea8687,noise logger,train
c52a7051e7040,leak,leak,ge2e91c6ef4,noise logger,train
c52ac42cd3a00,no_leak,no_leak,gea042922d6,noise logger,train
c52d40bdeea80,no_leak,no_leak,g3fbe7ffa72,noise logger,test
c52ebd5ec2893,leak,leak,ga5d7a7c25b,noise logger,train
c52fdf1f29a5d,leak,leak,g91e35525fa,noise logger,train
c53160ce4a15e,leak,leak,g2b5e88ca49,hydrophone,test
c538ffa19559f,leak,leak,g3430d68adc,noise logger,train
c53c233dacf3e,leak,leak,ga3c57089d6,hydrophone,val
c53ec11e3e7c7,leak,leak,ga2ddd8b5ff,noise logger,train
c5405732725d3,leak,leak,g64ce126ceb,noise logger,test
c5417777b1bbd,leak,leak,g779474bd13,noise logger,train
c5478ba2d5a89,no_leak,no_leak,g93f57e4971,noise logger,train
c548a3727526c,leak,leak,gdbc5929ddb,noise logger,train
c54cff5549618,no_leak,no_leak,g90d728455c,hydrophone,train
c54d3b50ef138,no_leak,no_leak,g3cc844e970,hydrophone,train
c54ea8cbe7c5a,no_leak,no_leak,g3fbe7ffa72,noise logger,test
c550fe5319c3d,no_leak,no_leak,gea042922d6,noise logger,train
c5518d26c178b,leak,leak,g92ff845564,hydrophone,val
c55ae3a3fe08f,leak,leak,gebd2f87f75,noise logger,train
c561239dda450,no_leak,noise,ge4d8e6b0f6,noise logger,test
c568c11597717,leak,leak,g506e358162,hydrophone,train
c56a2c6ca0892,leak,leak,g8bb2546de4,noise logger,train
c576f9df6e162,no_leak,noise,g73818a446f,noise logger,val
c577bdb8f8808,no_leak,no_leak,g953e24b384,noise logger,val
c58521959ee09,leak,leak,g632a2e7108,noise logger,train
c5882dca3e0a9,no_leak,noise,g0972f8707d,noise logger,train
c59310f45faab,leak,leak,g5142c16106,noise logger,train
c59494c4e233c,no_leak,noise,g9c6aca4851,noise logger,train
c5969ebc6bfcb,leak,leak,ge9eb498260,noise logger,train
c5a4c13d780fb,leak,leak,gf3ca82006e,noise logger,test
c5adf62854458,leak,leak,g7f4abaf898,hydrophone,val
c5b4522e17477,no_leak,noise,g4f536cdb1f,noise logger,train
c5bba62a4a052,no_leak,noise,gbb537ffe61,noise logger,train
c5bbf50ad83e0,no_leak,noise,g48faea8687,noise logger,train
c5c25beb01fd8,no_leak,no_leak,gb47d734896,noise logger,train
c5c5903c1822a,leak,leak,g7bc95f0f9f,noise logger,train
c5c60005e5f43,leak,leak,ge2e91c6ef4,noise logger,train
c5c89efaa36f3,no_leak,no_leak,gea042922d6,noise logger,train
c5c8f9d3d19da,no_leak,no_leak,gea042922d6,noise logger,train
c5d3608b6230d,no_leak,no_leak,g93f57e4971,noise logger,train
c5dbb83749d5b,leak,leak,gf3e5ccf98e,noise logger,val
c5e24e8064171,no_leak,no_leak,g953e24b384,noise logger,val
c5eb4472b1b2e,no_leak,no_leak,g93f57e4971,noise logger,train
c5f033e45aca1,no_leak,no_leak,g93f57e4971,noise logger,train
c5f29eeabae8a,no_leak,no_leak,g93f57e4971,noise logger,train
c5fa0219bdd8d,no_leak,no_leak,g93f57e4971,noise logger,train
c5fa80d40409a,leak,leak,g506e358162,noise logger,train
c5ffdab287421,leak,leak,gafc0f4072f,noise logger,train
c604d2bdf8a54,no_leak,no_leak,ge461b80ac9,hydrophone,train
c609cf09670e6,leak,leak,g6d4387db99,noise logger,train
c611e16457512,leak,leak,g4c6731efc4,noise logger,test
c61500fa08d75,no_leak,no_leak,g3fbe7ffa72,noise logger,test
c61b37cbd2848,no_leak,noise,g8dd889efaf,noise logger,val
c61d6fddd9454,leak,leak,ge2e91c6ef4,noise logger,train
c620fa5ef58ff,no_leak,no_leak,gea042922d6,noise logger,train
c6236482dc10c,no_leak,no_leak,g93f57e4971,noise logger,train
c62aba77a5a76,leak,leak,g506e358162,noise logger,train
c6319dfab0223,no_leak,noise,g9c6aca4851,noise logger,train
c633861a18148,no_leak,no_leak,ge461b80ac9,hydrophone,train
c63e2c213d4c3,leak,leak,g951b8e75a2,noise logger,train
c64160dd826c1,leak,leak,g4f19b097f7,noise logger,test
c641e51be72f8,no_leak,no_leak,g953e24b384,noise logger,val
c64243712bd02,no_leak,no_leak,g953e24b384,noise logger,val
c6450add89e89,no_leak,no_leak,g93f57e4971,noise logger,train
c64539ba804e2,no_leak,no_leak,g953e24b384,noise logger,val
c65266e74bed5,no_leak,noise,gf2b94f59db,noise logger,test
c652f52c7f1d2,no_leak,no_leak,g3fbe7ffa72,noise logger,test
c656d7aa59416,no_leak,noise,gc8eff1da18,noise logger,val
c65ba20f1031b,no_leak,no_leak,g93f57e4971,noise logger,train
c65bf9aed92aa,leak,leak,g41c64e6544,noise logger,test
c65dafe1ee595,no_leak,no_leak,g93f57e4971,noise logger,train
c6626248f43db,leak,leak,g21f63a491e,hydrophone,test
c662ad24aa34b,no_leak,no_leak,g953e24b384,noise logger,val
c669a4ff99d0c,leak,leak,g212481f9a2,noise logger,test
c66e1773fcc5c,no_leak,noise,g0e3913060e,noise logger,test
c66f70dea6bb1,no_leak,no_leak,g93f57e4971,noise logger,train
c671edf2683e3,no_leak,no_leak,gea042922d6,noise logger,train
c673101756e34,leak,leak,g18ef74b7f6,hydrophone,train
c6775ffd42d51,no_leak,no_leak,ge461b80ac9,hydrophone,train
c6793f133fb84,no_leak,no_leak,g89cac0676b,hydrophone,test
c682e47ff5af3,leak,leak,gbbc4cf2d36,noise logger,train
c6912ec3ca658,leak,leak,g2a51fcaea3,noise logger,val
c6920a1e92415,leak,leak,g98fffd4021,noise logger,val
c69396caf286c,leak,leak,g0361505a81,noise logger,val
c69a2a157ba8e,no_leak,no_leak,g953e24b384,noise logger,val
c69b2475fc45a,no_leak,no_leak,g094234dd26,hydrophone,train
c6a681c8dfaaf,no_leak,no_leak,g953e24b384,noise logger,val
c6a98309679be,no_leak,no_leak,g3cc844e970,hydrophone,train
c6ae27e754276,no_leak,no_leak,g3cc844e970,hydrophone,train
c6bb81385b39c,leak,leak,gacaf3cb799,noise logger,test
c6bff6053fa0b,no_leak,no_leak,g93f57e4971,noise logger,train
c6c2f8ee41ebe,no_leak,noise,g6cbb81280e,noise logger,test
c6c8a300c1128,leak,leak,g73533571c1,noise logger,test
c6c96e4e5fca9,no_leak,no_leak,g89cac0676b,hydrophone,test
c6cb431993387,leak,leak,gba7632f5bc,noise logger,test
c6cfb8b366b9b,no_leak,noise,ge4d8e6b0f6,noise logger,test
c6d2716b85053,no_leak,no_leak,g3cc844e970,hydrophone,train
c6d2dba66c5bf,leak,leak,g53006bd665,noise logger,val
c6d60068469f4,no_leak,no_leak,g93f57e4971,noise logger,train
c6d78327e132f,no_leak,no_leak,g93f57e4971,noise logger,train
c6da2e34dbe22,no_leak,no_leak,g93f57e4971,noise logger,train
c6db0cf1a75d1,leak,leak,g22fb131e21,hydrophone,train
c6dcf45de59a3,no_leak,no_leak,ge461b80ac9,hydrophone,train
c6dde94ea69dc,no_leak,no_leak,g93f57e4971,noise logger,train
c6df118b5b0dd,leak,leak,g428d4a7bb3,noise logger,train
c6df9c056c634,leak,leak,g68626bd706,noise logger,train
c6e13730ecfe8,leak,leak,g0dbfb7701f,noise logger,train
c6ecd66d0712f,leak,leak,g3e395548cb,noise logger,val
c6ed234a13629,leak,leak,g501d705caa,noise logger,train
c6eefb3ad7424,leak,leak,g2a51fcaea3,noise logger,val
c6f404058ca4b,leak,leak,gac47889ea0,noise logger,test
c6f4ebe093b36,leak,leak,g7bfd5a740e,noise logger,val
c6f616860ac37,no_leak,no_leak,gea042922d6,noise logger,train
c6fa86dd717c5,leak,leak,gb2a47408ab,noise logger,val
c6fb5ca298fa4,leak,leak,g8e07d12abb,noise logger,test
c702f4e2fcd2a,leak,leak,g462d4b1089,hydrophone,train
c705697213775,leak,leak,g45714eae75,hydrophone,train
c70e042ff2fb4,no_leak,noise,g4c731e2c0b,noise logger,train
c71017ee629b0,no_leak,no_leak,g953e24b384,noise logger,val
c710479c9da31,leak,leak,gd20a2b9c29,noise logger,train
c7118401c58b1,no_leak,no_leak,g3dc66f5a62,noise logger,train
c71d685142803,leak,leak,g265ccc4dc3,hydrophone,train
c71f36c055a0d,no_leak,no_leak,ge461b80ac9,hydrophone,train
c721366fe8a44,leak,leak,g5575926f93,hydrophone,val
c722b58050aed,no_leak,noise,g7a1bb411f9,noise logger,train
c7273b64f3c4e,leak,leak,gf10098d123,hydrophone,test
c72960a21f1bd,leak,leak,ge39bcb37b4,hydrophone,train
c72cd7b4c5a2f,no_leak,no_leak,ge461b80ac9,hydrophone,train
c73c67806ac52,leak,leak,g462d4b1089,hydrophone,train
c73e11e689b21,leak,leak,gf108757733,noise logger,train
c73eef6098927,leak,leak,g7b4758ba43,noise logger,train
c7445a9366cc5,leak,leak,g506e358162,noise logger,train
c745afb819609,no_leak,no_leak,g93f57e4971,noise logger,train
c7483213409d0,no_leak,noise,gf283b20fab,noise logger,train
c749d0ec0a4da,leak,leak,gb429aaad25,noise logger,val
c74f741f43ba0,no_leak,noise,g5665ba652e,noise logger,train
c75a6f1fb9d12,no_leak,no_leak,g953e24b384,noise logger,val
c75b1e79f113e,no_leak,noise,g0e3913060e,noise logger,test
c75ff7781df3f,leak,leak,g58cde69b07,noise logger,train
c760afca314ee,no_leak,no_leak,g89cac0676b,hydrophone,test
c76e21dd1d63c,no_leak,no_leak,gea042922d6,noise logger,train
c76e9459c1403,no_leak,noise,g4f536cdb1f,noise logger,train
c76f22457e9bb,leak,leak,g068e265d28,noise logger,train
c7720a2ec7f2b,leak,leak,ge63afe2a67,noise logger,train
c77262b5c12fa,leak,leak,ge2e91c6ef4,hydrophone,train
c775d0e90fc9a,no_leak,no_leak,g3cc844e970,hydrophone,train
c7788ae6ad436,leak,leak,g84e6df9a56,noise logger,val
c77973a5795a4,no_leak,no_leak,gea042922d6,noise logger,train
c78ceb69df9e6,leak,leak,ge2e91c6ef4,noise logger,train
c7969746958c1,leak,leak,g58b02cebe8,noise logger,train
c79ae22d51d84,leak,leak,g7d351db452,noise logger,train
c79d76b0a85c9,leak,leak,gf39aa1d08b,noise logger,test
c79fef86e0ef4,leak,leak,gc905fd3a47,noise logger,train
c7a04b26ecb1d,no_leak,no_leak,g3fbe7ffa72,noise logger,test
c7ad362fcc94d,no_leak,no_leak,g93f57e4971,noise logger,train
c7af8599a5170,leak,leak,ge2e91c6ef4,hydrophone,train
c7b06db61af9a,leak,leak,gefc772a40d,hydrophone,test
c7bbbb99ecc43,no_leak,no_leak,g1a1e006151,noise logger,test
c7bf1b22c280e,leak,leak,gd7663396ee,hydrophone,train
c7c7bafde0b29,leak,leak,g2770c5a3c6,noise logger,test
c7cc01e6ae14a,leak,leak,g9c47e56729,noise logger,train
c7d0533ff4148,leak,leak,g8c35de79ea,noise logger,test
c7d0ede0bde8f,leak,leak,gfde33bb53e,noise logger,test
c7d1d905cef1f,leak,leak,g4e191f7013,noise logger,train
c7dc507b66608,leak,leak,g656a394c4f,noise logger,train
c7dc9dded05bf,no_leak,no_leak,g3fbe7ffa72,noise logger,test
c7dead5147aff,no_leak,noise,gdb1eae8552,noise logger,val
c7df0ab24b41f,no_leak,no_leak,g93f57e4971,noise logger,train
c7e04ab2dd189,no_leak,no_leak,g953e24b384,noise logger,val
c7e51fcee8c07,no_leak,noise,gc8eff1da18,noise logger,val
c7e6cce7e9114,no_leak,no_leak,g3cc844e970,hydrophone,train
c7f06e1c2f5ea,no_leak,no_leak,g93f57e4971,noise logger,train
c7f3f9946e92f,leak,leak,g3e395548cb,noise logger,val
c7f73e03a7c75,leak,leak,gafc0f4072f,hydrophone,train
c802f3b37642a,no_leak,noise,g56541b0ca2,noise logger,train
c80c03ca8d522,leak,leak,g73533571c1,hydrophone,test
c80de9b64db85,leak,leak,g73533571c1,noise logger,test
c8104a15f00d7,no_leak,noise,gc338fc839e,noise logger,train
c812ba0ae791b,leak,leak,g45714eae75,noise logger,train
c815e30cd14f6,leak,leak,g58b02cebe8,noise logger,train
c8289c334c228,no_leak,no_leak,gb47d734896,noise logger,train
c8298ae5fb0b7,leak,leak,g311e2dbcfb,hydrophone,train
c82b1ee194183,no_leak,no_leak,ga15b1115ca,hydrophone,train
c82f40b6adf5c,leak,leak,g8c35de79ea,noise logger,test
c833445fa2bb6,no_leak,no_leak,g3dc66f5a62,noise logger,train
c83389fc19c95,leak,leak,gecc22b83ef,hydrophone,train
c83bea801ae35,leak,leak,g6d1c37f119,noise logger,train
c83c93eac34e3,no_leak,no_leak,gea042922d6,noise logger,train
c83e4c9ff2b59,leak,leak,gfc8bd063c6,noise logger,val
c8419de8ca9cc,leak,leak,g3d4b25b25b,noise logger,train
c844af851eeb1,no_leak,no_leak,g3fbe7ffa72,noise logger,test
c852aee3c1dab,leak,leak,g7b4758ba43,noise logger,train
c8570a876ecbe,leak,leak,g8c35de79ea,noise logger,test
c85a853783a42,leak,leak,g8c9a02b901,noise logger,test
c85aa27f9face,leak,leak,g6d4387db99,noise logger,train
c85be469ebf1e,leak,leak,gc0861234f5,noise logger,train
c860f8bb28ec5,leak,leak,g40e6f408ef,noise logger,train
c86336a54b952,leak,leak,gf512398317,noise logger,train
c8666274626ed,no_leak,no_leak,g953e24b384,noise logger,val
c86807311a1d3,no_leak,no_leak,g3cc844e970,hydrophone,train
c86859a40b920,leak,leak,g8b6f13b249,noise logger,train
c86c33e2a1b2d,leak,leak,g73533571c1,noise logger,test
c8748a4c7ffc7,leak,leak,g3e395548cb,noise logger,val
c87fa36a32946,no_leak,no_leak,gea042922d6,noise logger,train
c87fec72e724a,no_leak,no_leak,g953e24b384,noise logger,val
c88183e8e712f,no_leak,no_leak,ge461b80ac9,hydrophone,train
c883d3972e62d,no_leak,noise,g5665ba652e,noise logger,train
c88dfa84df965,leak,leak,g0361505a81,noise logger,val
c89cb224bcb40,no_leak,noise,g5b9059d3c0,noise logger,test
c89f076f1c7aa,leak,leak,g7f4abaf898,noise logger,val
c8a3d82b06360,no_leak,noise,gfbae961416,noise logger,train
c8a65c39db3c5,no_leak,no_leak,g3fbe7ffa72,noise logger,test
c8a7e32978d46,no_leak,no_leak,g953e24b384,noise logger,val
c8b1af5e2da91,no_leak,no_leak,g93f57e4971,noise logger,train
c8b448b044428,leak,leak,g7d351db452,noise logger,train
c8b7ec1ee29c4,leak,leak,gb8ea4c3304,noise logger,train
c8c938430e85c,leak,leak,g920bffa786,noise logger,train
c8cf03902087e,leak,leak,g4e191f7013,noise logger,train
c8d05c1cdb97b,leak,leak,g9d9b22b231,noise logger,train
c8d0d0afd62a3,no_leak,no_leak,g3fbe7ffa72,noise logger,test
c8d19965fb166,no_leak,noise,gee16bed717,noise logger,val
c8d37b4ba189b,no_leak,no_leak,g3cc844e970,hydrophone,train
c8d48dd85a19f,leak,leak,gb3c1e9585c,noise logger,train
c8d535525cf9d,leak,leak,g6acbf84b22,hydrophone,val
c8d802984e871,no_leak,no_leak,g93f57e4971,noise logger,train
c8dcd2918af81,no_leak,no_leak,gea042922d6,noise logger,train
c8dce039c2d7a,leak,leak,g6adf5918dc,hydrophone,train
c8e4146e3a0e9,leak,leak,g9f28168708,noise logger,train
c8e9314d827ea,no_leak,no_leak,g3fbe7ffa72,noise logger,test
c8ed223ec41db,no_leak,no_leak,g93f57e4971,noise logger,train
c8f1e38ca2320,no_leak,noise,gee16bed717,noise logger,val
c8f34320f5bde,leak,leak,g73533571c1,noise logger,test
c8f382e0e7dde,leak,leak,gbb125903cd,noise logger,val
c8f48aa5f2ed9,no_leak,no_leak,gea042922d6,noise logger,train
c8f8340030ca2,leak,leak,g64ce126ceb,hydrophone,test
c8fd6dd25e265,no_leak,no_leak,g89cac0676b,hydrophone,test
c8febabd06638,leak,leak,gacbd107cf0,noise logger,test
c904486cd13fd,no_leak,no_leak,g953e24b384,noise logger,val
c908e3b026c1f,no_leak,noise,ga57a371b12,noise logger,train
c9090ce314855,leak,leak,g606a91fc6a,hydrophone,val
c90a13e339fd7,no_leak,no_leak,g3fbe7ffa72,noise logger,test
c90d82de37d23,no_leak,no_leak,gea042922d6,noise logger,train
c90f39c899ec2,leak,leak,gd72c10a1aa,noise logger,train
c91c3356799ef,no_leak,noise,ga2e1cd2b30,noise logger,val
c91fb50f4819b,leak,leak,g57530c30f4,noise logger,train
c921405b9265a,no_leak,no_leak,gea042922d6,noise logger,train
c9255e1d09808,leak,leak,g0dc60b63c4,noise logger,train
c929c87aa1b42,leak,leak,g98b0f1afcd,noise logger,test
c932622897519,no_leak,no_leak,gea042922d6,noise logger,train
c9340312e6037,leak,leak,g4cfed936c0,noise logger,train
c93f64081ea7c,no_leak,noise,gc8eff1da18,noise logger,val
c941c8e5932f1,leak,leak,g43bf8bd381,hydrophone,test
c945fefa7c7c7,no_leak,no_leak,g953e24b384,noise logger,val
c94994b56ea72,leak,leak,g58b02cebe8,noise logger,train
c94d772aedd3d,leak,leak,g5142c16106,noise logger,train
c95079e715e90,leak,leak,ge46d7df3d6,noise logger,val
c9525342ac0bb,leak,leak,g3036594a8f,noise logger,train
c95340245af0b,leak,leak,gb20b1e1a5f,noise logger,val
c954d8c15dced,no_leak,no_leak,g3cc844e970,hydrophone,train
c9579263ee8c5,leak,leak,ga0c8869731,hydrophone,train
c95aeeb894813,leak,leak,gc2fd925280,noise logger,test
c95f22e51a977,leak,leak,g7bfd5a740e,noise logger,val
c966d58c8fbbc,no_leak,no_leak,gea042922d6,noise logger,train
c970bd9df6a66,leak,leak,g9b48d93d80,noise logger,train
c974636289026,no_leak,no_leak,g3dc66f5a62,noise logger,train
c977205a20157,no_leak,no_leak,g953e24b384,noise logger,val
c97894a44afd8,no_leak,no_leak,g953e24b384,noise logger,val
c97e2fbf49b5d,no_leak,no_leak,g953e24b384,noise logger,val
c97e8c72149a6,leak,leak,gafc0f4072f,hydrophone,train
c9800a2902967,no_leak,no_leak,g953e24b384,noise logger,val
c99c85e0af482,no_leak,no_leak,g3dc66f5a62,noise logger,train
c9a1df55e1ecd,leak,leak,g5a2aff033f,noise logger,train
c9ab733ae4c2a,leak,leak,ge294e6a1f3,hydrophone,train
c9b03c607dbd2,no_leak,no_leak,g3fbe7ffa72,noise logger,test
c9b180fd6c818,leak,leak,g672274cea1,noise logger,train
c9c22a3a7bbb1,leak,leak,gf01fea4a96,noise logger,train
c9c315e1f2ebe,no_leak,no_leak,g094234dd26,hydrophone,train
c9c3e92124764,no_leak,noise,g0e3913060e,noise logger,test
c9c6b1e4bb816,no_leak,no_leak,g93f57e4971,noise logger,train
c9da56ced9783,no_leak,no_leak,g1a1e006151,noise logger,test
c9e80dc5945f0,no_leak,noise,g8dd889efaf,noise logger,val
c9e89eab2ddf2,leak,leak,g3277d84a47,noise logger,train
c9e904ad56dd0,leak,leak,gd72c10a1aa,noise logger,train
c9eaed9c635c2,leak,leak,g39505410a5,hydrophone,train
c9eec73b47d50,no_leak,no_leak,g89cac0676b,hydrophone,test
c9f12c265e22e,leak,leak,g18ef74b7f6,hydrophone,train
c9f80419ffb2c,no_leak,noise,g73818a446f,noise logger,val
c9f8a8c9ec27a,no_leak,no_leak,g953e24b384,noise logger,val
c9f921094631f,no_leak,no_leak,gea042922d6,noise logger,train
c9f9ff446d3f2,no_leak,no_leak,gea042922d6,noise logger,train
c9fdeab004cad,no_leak,no_leak,g3fbe7ffa72,noise logger,test
ca04a5b102f58,leak,leak,ge429b39ea3,noise logger,train
ca060cc57486c,no_leak,no_leak,g953e24b384,noise logger,val
ca072be8edf7e,leak,leak,g2cbd65c959,hydrophone,test
ca0aae95c01f0,leak,leak,gd6710855ea,noise logger,train
ca100aebb6d89,no_leak,no_leak,g094234dd26,hydrophone,train
ca218cedcfb92,no_leak,no_leak,g953e24b384,noise logger,val
ca21b4eb5ddf2,leak,leak,g7bc95f0f9f,noise logger,train
ca231577fb9d2,no_leak,noise,g4c731e2c0b,noise logger,train
ca2407744778e,no_leak,no_leak,g094234dd26,hydrophone,train
ca26346853052,no_leak,no_leak,g89cac0676b,hydrophone,test
ca284c3204ae3,leak,leak,ge955baee5a,noise logger,train
ca2a5550fdad4,no_leak,no_leak,g93f57e4971,noise logger,train
ca3a0d82b36b7,leak,leak,gc7720830fc,noise logger,train
ca3d8a55830c5,no_leak,noise,g8f7a0cb859,noise logger,train
ca41b92332b26,no_leak,noise,g7a1bb411f9,noise logger,train
ca43e784d4e6d,no_leak,no_leak,ge461b80ac9,hydrophone,train
ca4405e0d5291,leak,leak,g672274cea1,noise logger,train
ca462d40cc1f5,no_leak,no_leak,g05e2446a61,noise logger,train
ca46fdc0b22e0,leak,leak,gafc0f4072f,noise logger,train
ca520a01f2166,no_leak,no_leak,ge461b80ac9,hydrophone,train
ca59a841b7f2d,no_leak,noise,gfbae961416,noise logger,train
ca5b800086916,leak,leak,g4f6359274f,hydrophone,val
ca5f5336b1525,no_leak,no_leak,gea042922d6,noise logger,train
ca69cd7fb29cb,leak,leak,gdbc5929ddb,noise logger,train
ca69d6f75a350,leak,leak,g91e35525fa,hydrophone,train
ca6c409dcee37,leak,leak,g656a394c4f,noise logger,train
ca6e1f5ebe3ea,leak,leak,g7a6ba50371,hydrophone,val
ca6e9d0396efb,no_leak,no_leak,ge461b80ac9,hydrophone,train
ca72bf20e16e1,leak,leak,g2f53a248db,noise logger,train
ca785ee839f07,leak,leak,g8c35de79ea,noise logger,test
ca78aa8b431d7,leak,leak,g3a8833c1c3,noise logger,train
ca7a143288c49,no_leak,no_leak,g1a1e006151,noise logger,test
ca8096a64f8ae,no_leak,no_leak,g3fbe7ffa72,noise logger,test
ca8ba0300e053,no_leak,noise,g73818a446f,noise logger,val
ca92e7e3c8a65,no_leak,no_leak,g953e24b384,noise logger,val
ca93fd0490325,leak,leak,g7c3f003f85,noise logger,test
ca9b4ed28fea4,no_leak,no_leak,g93f57e4971,noise logger,train
caa63a441d079,no_leak,no_leak,g93f57e4971,noise logger,train
caaa128b22094,no_leak,no_leak,g953e24b384,noise logger,val
caac9ec800d60,leak,leak,gfb96d0b918,noise logger,train
cab1fabf80cc0,no_leak,noise,gee16bed717,noise logger,val
cab2078e0f2fe,leak,leak,g507ad2af92,noise logger,val
cab28f3852b2e,leak,leak,gafc0f4072f,noise logger,train
cab4e25cbfda2,no_leak,no_leak,g3cc844e970,hydrophone,train
cab52ca040acd,no_leak,noise,g6d2840f148,noise logger,train
cabb3131f7306,no_leak,no_leak,ge461b80ac9,hydrophone,train
cac265c2092b0,leak,leak,gbb52205e9a,noise logger,test
cac54aa1d814e,leak,leak,gb429aaad25,noise logger,val
cacb3ed0d3ca1,no_leak,no_leak,gea042922d6,noise logger,train
cacc67a2bbb12,leak,leak,g73533571c1,noise logger,test
cacceda6bcc68,no_leak,no_leak,g89cac0676b,hydrophone,test
cae55374f40a9,leak,leak,gbb125903cd,noise logger,val
caefb3f318735,no_leak,no_leak,ge461b80ac9,hydrophone,train
caeff31a64b96,leak,leak,g5a7f00c1ac,noise logger,test
cafa29c82aa5f,leak,leak,g8c9a02b901,noise logger,test
cb04fbe5f43f1,leak,leak,g9f28168708,noise logger,train
cb0587d80e43d,no_leak,no_leak,g953e24b384,noise logger,val
cb08d7195d6bf,no_leak,no_leak,g93f57e4971,noise logger,train
cb0ab48dfa307,no_leak,no_leak,gea042922d6,noise logger,train
cb106b3ab62f1,leak,leak,g68626bd706,noise logger,train
cb17603e80a4f,no_leak,no_leak,ge461b80ac9,hydrophone,train
cb17c6ebae98e,no_leak,no_leak,g953e24b384,noise logger,val
cb1836abaeda9,no_leak,noise,g5665ba652e,noise logger,train
cb1b6d00cc612,leak,leak,ga265087801,noise logger,val
cb26c1b8b6768,no_leak,noise,ga2e1cd2b30,noise logger,val
cb2c10f9fbfae,leak,leak,g7d351db452,noise logger,train
cb2f440b9e0e4,leak,leak,gbb284a8204,noise logger,train
cb336e382f080,leak,leak,gfc8bd063c6,noise logger,val
cb3377f524d63,leak,leak,g6f1d3e5c98,noise logger,train
cb440af43a10e,leak,leak,gc905fd3a47,noise logger,train
cb446f02203f5,leak,leak,ge813f08de5,hydrophone,train
cb4e587798890,leak,leak,g6f886b9fbd,noise logger,test
cb4ea849ad8c2,leak,leak,gf95d51792b,noise logger,train
cb58da4a10dd4,no_leak,no_leak,g094234dd26,hydrophone,train
cb69d5090607e,leak,leak,g5173e1937e,hydrophone,train
cb6b9765d2d8f,leak,leak,g9b48d93d80,noise logger,train
cb73a749efbb3,leak,leak,g476d513930,noise logger,train
cb7aba874ee7e,no_leak,no_leak,ga15b1115ca,hydrophone,train
cb7bc59e020dc,leak,leak,g91fbce6ceb,noise logger,test
cb81e80e263f5,leak,leak,g7f4abaf898,noise logger,val
cb8323080e428,no_leak,no_leak,gea042922d6,noise logger,train
cb853e3044c69,leak,leak,g7c3f003f85,noise logger,test
cb8afa5be487c,no_leak,noise,g48faea8687,noise logger,train
cb8c5084de71f,no_leak,no_leak,g953e24b384,noise logger,val
cb8ea5ba6ee8e,leak,leak,gfdb14d2363,hydrophone,val
cb95ebb6d026f,leak,leak,g47220131dd,noise logger,val
cb98d272d0c33,no_leak,no_leak,g3cc844e970,hydrophone,train
cba8f28afe0e4,leak,leak,gc751a96d2d,noise logger,val
cba905278e156,no_leak,no_leak,g93f57e4971,noise logger,train
cbae7a05a27b2,no_leak,noise,g9f65caa4cc,noise logger,train
cbaf6f54ba4c2,leak,leak,g9d9b22b231,noise logger,train
cbaf78df6bfc2,leak,leak,g39505410a5,hydrophone,train
cbb530c2d8793,no_leak,noise,gafcd56ed8e,noise logger,test
cbb6672364ebd,no_leak,no_leak,g93f57e4971,noise logger,train
cbb8d96a5e4a5,no_leak,no_leak,g93f57e4971,noise logger,train
cbc197bbdf153,leak,leak,g89f40cb6b3,hydrophone,train
cbc2b165981dd,leak,leak,gc92741d774,noise logger,test
cbc4c8ad3580b,leak,leak,g53006bd665,noise logger,val
cbc5cc1b6c0d8,leak,leak,g5d6cd9f146,noise logger,train
cbc6e435e35e0,no_leak,noise,g0972f8707d,noise logger,train
cbc8435b0f4df,leak,leak,gfd5a19364f,noise logger,val
cbc9e37c84f5b,no_leak,no_leak,ge461b80ac9,hydrophone,train
cbd14979ae77d,no_leak,no_leak,gea042922d6,noise logger,train
cbd37f7e97b59,no_leak,noise,g6d2840f148,noise logger,train
cbd3cf96abb92,leak,leak,gf6674bc690,hydrophone,train
cbd5973a265f9,no_leak,noise,gf283b20fab,noise logger,train
cbd60eac36500,no_leak,no_leak,g05e2446a61,noise logger,train
cbe1a44c2a80c,no_leak,no_leak,g3fbe7ffa72,noise logger,test
cbe3166361dfa,no_leak,no_leak,g93f57e4971,noise logger,train
cbecd4d949964,leak,leak,g8a0bf4d59a,noise logger,test
cbecea70bcb8a,no_leak,no_leak,g953e24b384,noise logger,val
cbefbc2bfab6d,leak,leak,g4cc88e5991,hydrophone,train
cbf8e88236347,leak,leak,ge955baee5a,noise logger,train
cc04192429cf0,leak,leak,g4cbc229885,hydrophone,test
cc06c773ce585,leak,leak,ga5d7a7c25b,noise logger,train
cc071994963f2,no_leak,no_leak,ge461b80ac9,hydrophone,train
cc07d1d974f51,no_leak,no_leak,g3fbe7ffa72,noise logger,test
cc0a344f25360,no_leak,no_leak,g953e24b384,noise logger,val
cc0b49732e823,no_leak,no_leak,gea042922d6,noise logger,train
cc0bb75701548,leak,leak,ga64206c2eb,noise logger,train
cc0e7fee58f57,no_leak,no_leak,g953e24b384,noise logger,val
cc1480284d1c3,no_leak,no_leak,g3cc844e970,hydrophone,train
cc19c94f8b994,leak,leak,g8b6f13b249,noise logger,train
cc1b3db7831c5,leak,leak,g2780bf428c,hydrophone,test
cc24346905726,no_leak,no_leak,g3fbe7ffa72,noise logger,test
cc2a75613d283,leak,leak,g54aed665e1,noise logger,test
cc2ac1af869fa,leak,leak,g9023565265,noise logger,test
cc31d113a490a,leak,leak,g5cac1bae11,hydrophone,train
cc32544a5e4f3,no_leak,no_leak,g3cc844e970,hydrophone,train
cc3569a105921,leak,leak,g54aed665e1,noise logger,test
cc3ea9de7c014,leak,leak,g43955ba8d8,noise logger,val
cc41a6007b781,no_leak,no_leak,g3cc844e970,hydrophone,train
cc422d7e489ae,leak,leak,g506e358162,noise logger,train
cc49c5ba7938b,no_leak,no_leak,g93f57e4971,noise logger,train
cc4b0abd0e8be,leak,leak,g7a6ba50371,hydrophone,val
cc4e8b8aad494,leak,leak,g6d1c37f119,noise logger,train
cc53ed0c8e038,no_leak,no_leak,gea042922d6,noise logger,train
cc54d15182411,leak,leak,gfa0873ca10,NA,train
cc5cb8c05644e,no_leak,no_leak,g89cac0676b,hydrophone,test
cc5ddb79c589a,leak,leak,ge955baee5a,noise logger,train
cc5f3dafedb58,no_leak,no_leak,g953e24b384,noise logger,val
cc5fd818faa54,leak,leak,g5504f86c1a,hydrophone,test
cc61178e3438c,no_leak,noise,g5e13531e77,noise logger,train
cc6522c9ed17f,no_leak,noise,ga57a371b12,noise logger,train
cc66d7b4832d0,no_leak,noise,g6cbb81280e,noise logger,test
cc6a1078eb7bc,leak,leak,g73533571c1,noise logger,test
cc6c187a579d4,no_leak,noise,gc8eff1da18,noise logger,val
cc6ea88466244,leak,leak,g5d835272f5,noise logger,train
cc75ae24f5c96,leak,leak,g91fbce6ceb,noise logger,test
cc77af487b65d,no_leak,no_leak,g93f57e4971,noise logger,train
cc7d2c8649c8a,no_leak,no_leak,g094234dd26,hydrophone,train
cc802e0de4b2b,leak,leak,g5142c16106,noise logger,train
cc84f37cac49e,no_leak,no_leak,g953e24b384,noise logger,val
cc8764f092ba1,no_leak,no_leak,g93f57e4971,noise logger,train
cc907703b5ee8,leak,leak,ge294e6a1f3,noise logger,train
cc908db347b35,leak,leak,gb8ea4c3304,noise logger,train
cc90b947e39a9,no_leak,no_leak,g953e24b384,noise logger,val
cc91fab564d64,leak,leak,g2cbd65c959,hydrophone,test
cc95eac27c6c5,leak,leak,g506e358162,noise logger,train
cc969d2b9dc97,no_leak,noise,g48faea8687,noise logger,train
cc96f393f9909,leak,leak,ga265087801,noise logger,val
cc9ae42b590ac,leak,leak,g4aaf064e27,noise logger,train
cc9cff18c1a4d,no_leak,no_leak,g93f57e4971,noise logger,train
cc9e4556bc69a,no_leak,no_leak,g3fbe7ffa72,noise logger,test
cca1d22ac8510,leak,leak,g4b6caecd15,hydrophone,train
cca3bdbd296af,no_leak,no_leak,g93f57e4971,noise logger,train
cca4243c89f2a,no_leak,no_leak,g953e24b384,noise logger,val
cca73bdc5fabd,leak,leak,g9e7f324ad1,noise logger,test
cca777cc24de2,no_leak,no_leak,g89cac0676b,hydrophone,test
cca8472440c45,leak,leak,gdbea1a3beb,noise logger,val
ccad7760ce5c3,no_leak,no_leak,g3cc844e970,hydrophone,train
ccaebe2671432,no_leak,noise,gbc5a7596b0,noise logger,train
ccb5c0a338061,no_leak,no_leak,g094234dd26,hydrophone,train
ccb9684ea6243,no_leak,no_leak,g953e24b384,noise logger,val
ccbc5a8b2af49,no_leak,no_leak,g953e24b384,noise logger,val
ccbd90dfdc70b,leak,leak,g506e358162,hydrophone,train
ccc16539f43d7,no_leak,no_leak,gea042922d6,noise logger,train
ccc211654bba2,no_leak,noise,g3f9430c0b8,noise logger,test
ccc6068b5b0a2,leak,leak,gdbddc4e990,noise logger,train
ccc833de2040a,leak,leak,g2ec5024e12,noise logger,train
cccd7093a14f3,leak,leak,g64ce126ceb,noise logger,test
cccdbbb49e736,leak,leak,gebd2f87f75,hydrophone,train
ccce218c0e70d,no_leak,no_leak,g953e24b384,noise logger,val
cccf024969790,leak,leak,g89e835056a,hydrophone,val
cce06e41b3d68,no_leak,no_leak,g3fbe7ffa72,noise logger,test
cce2f181ac223,leak,leak,ge429b39ea3,noise logger,train
cce35479c8094,no_leak,no_leak,g93f57e4971,noise logger,train
cce6baf614bfa,no_leak,no_leak,g953e24b384,noise logger,val
cce7aca319a5a,leak,leak,g15a56e1313,noise logger,test
cce8f01ad51b8,no_leak,no_leak,g90d728455c,hydrophone,train
ccee26aeeb116,leak,leak,gc1d71cfa61,noise logger,train
ccf0590a21392,leak,leak,ga2ddd8b5ff,noise logger,train
ccf8e76bfe498,leak,leak,gd7c7c04d20,noise logger,test
cd098874a6b8e,leak,leak,gb3c8b4b1e6,noise logger,train
cd11be05a39dc,leak,leak,g3036594a8f,noise logger,train
cd1d69cf431ed,no_leak,noise,gc338fc839e,noise logger,train
cd1df441a7130,leak,leak,g608ed34a62,noise logger,train
cd22957c58990,no_leak,no_leak,g93f57e4971,noise logger,train
cd2883c705292,no_leak,no_leak,g89cac0676b,hydrophone,test
cd2d1d38e28fe,leak,leak,g4cfed936c0,noise logger,train
cd2f212742960,leak,leak,g47220131dd,noise logger,val
cd2f8146af74c,leak,leak,gb24583bad5,noise logger,test
cd32e1938288c,no_leak,no_leak,ge461b80ac9,hydrophone,train
cd3517112b773,leak,leak,g8a0bf4d59a,noise logger,test
cd3b54567e82a,leak,leak,geac9851f1d,noise logger,train
cd3e24c8fddaa,leak,leak,gd37c215a0d,noise logger,train
cd4394bd6f020,no_leak,no_leak,g3fbe7ffa72,noise logger,test
cd44051294456,leak,leak,g8836c07719,hydrophone,train
cd48fd26263ca,no_leak,no_leak,g3cc844e970,hydrophone,train
cd4d040029f85,no_leak,no_leak,g953e24b384,noise logger,val
cd4e6c5882254,no_leak,no_leak,gea042922d6,noise logger,train
cd506b1e2f735,leak,leak,gac47889ea0,noise logger,test
cd56be4657cb9,no_leak,no_leak,ge17e8581d1,hydrophone,train
cd57a1dedb807,leak,leak,gb20b1e1a5f,noise logger,val
cd57a79d880d6,leak,leak,g5142c16106,noise logger,train
cd5c4ed20c428,no_leak,noise,gfc8ccbf519,noise logger,train
cd60d692b90b1,no_leak,no_leak,g3fbe7ffa72,noise logger,test
cd685547804d1,leak,leak,g071e97a2d7,noise logger,train
cd6dedbfd7d31,no_leak,no_leak,g93f57e4971,noise logger,train
cd6f5fae74ad6,leak,leak,g5a7f00c1ac,noise logger,test
cd723d66f367b,leak,leak,g3e241956a5,noise logger,train
cd75f0c255d24,leak,leak,g9023565265,noise logger,test
cd77404571b67,no_leak,no_leak,g3cc844e970,hydrophone,train
cd77bfd264abc,leak,leak,g03324633a9,hydrophone,train
cd7ccdb024821,no_leak,no_leak,g90d728455c,hydrophone,train
cd7dbf2e752b0,leak,leak,g43955ba8d8,noise logger,val
cd7f4d236ef5e,leak,leak,g6f1d3e5c98,noise logger,train
cd84219c979bd,leak,leak,gcd682aecd9,noise logger,val
cd8911748e7db,leak,leak,gf39aa1d08b,noise logger,test
cd8a933a9f809,no_leak,no_leak,g953e24b384,noise logger,val
cd8de83616f9f,leak,leak,g89e835056a,hydrophone,val
cd8f4f46d9cf9,leak,leak,g4a6cc41e32,noise logger,train
cd953dc82ace5,leak,leak,g4a576e51e1,noise logger,train
cd98d6235a267,no_leak,no_leak,g05e2446a61,noise logger,train
cd9b94bdc892b,no_leak,noise,gafcd56ed8e,noise logger,test
cd9b9fe203a4a,no_leak,noise,g0972f8707d,noise logger,train
cda270054399d,leak,leak,ga4f7cd63f2,noise logger,val
cda365df41e88,no_leak,noise,g9c6aca4851,noise logger,train
cdaa3659f139a,no_leak,no_leak,g953e24b384,noise logger,val
cdabbb10d3783,leak,leak,g557f2dbbfe,noise logger,val
cdaeac1be16b4,leak,leak,g84e6df9a56,noise logger,val
cdafc13bac8e8,no_leak,no_leak,g3cc844e970,hydrophone,train
cdb43ef923ce5,no_leak,noise,g4c731e2c0b,noise logger,train
cdbd5104a19f9,no_leak,noise,gfc8ccbf519,noise logger,train
cdd8e897e34b9,no_leak,no_leak,gea042922d6,noise logger,train
cdda15a414f8b,leak,leak,g286d8484cb,noise logger,train
cdda6f156a595,leak,leak,ge9eb498260,noise logger,train
cddc46af1f80d,leak,leak,g506e358162,noise logger,train
cde2fefb4bce3,leak,leak,g9670315f45,hydrophone,train
cdeff059d9cc1,leak,leak,gf96accfa16,hydrophone,train
cdf620e3977e0,leak,leak,g0dbfb7701f,noise logger,train
cdf7a625f4253,no_leak,no_leak,gea042922d6,noise logger,train
cdfb6c59a814e,no_leak,noise,gf2b94f59db,noise logger,test
cdfbb65196371,no_leak,no_leak,gea042922d6,noise logger,train
cdfc3f3d41888,leak,leak,g857176f12d,noise logger,test
cdfeedc28a277,no_leak,noise,g9f65caa4cc,noise logger,train
ce0594e503562,leak,leak,g9b654f79b0,hydrophone,train
ce05b73f8fce2,leak,leak,gaec16891f4,hydrophone,train
ce083251e3ac8,leak,leak,g7743b0601e,noise logger,val
ce084472188f4,no_leak,no_leak,gcd751f65bd,noise logger,test
ce1aac6216062,leak,leak,g072087e232,noise logger,train
ce1b790795b5b,no_leak,no_leak,gea042922d6,noise logger,train
ce1beb3d64f57,no_leak,no_leak,g93f57e4971,noise logger,train
ce23a06d25d3f,leak,leak,g5142c16106,noise logger,train
ce301c7d88abe,leak,leak,g1c98834423,noise logger,train
ce354143df772,no_leak,no_leak,gea042922d6,noise logger,train
ce375fd85d539,no_leak,no_leak,g89cac0676b,hydrophone,test
ce3c1bbc4dd9c,no_leak,no_leak,g3cc844e970,hydrophone,train
ce3e303f06b4a,no_leak,no_leak,g93f57e4971,noise logger,train
ce419a5dd5696,leak,leak,g286d8484cb,noise logger,train
ce461f134c0c0,no_leak,noise,g3f9430c0b8,noise logger,test
ce49d4559826a,leak,leak,gcd682aecd9,noise logger,val
ce50f51d5c4ed,leak,leak,ga4f7cd63f2,noise logger,val
ce542643f6982,leak,leak,gdbea1a3beb,noise logger,val
ce552fe86d7ad,leak,leak,gdd29498291,hydrophone,val
ce5812e80dc76,no_leak,no_leak,g93f57e4971,noise logger,train
ce5879bae43e3,leak,leak,g2f53a248db,noise logger,train
ce5db6f4b0065,leak,leak,gf512398317,noise logger,train
ce5f08be3057b,no_leak,noise,gee16bed717,noise logger,val
ce64c6fe56b6f,leak,leak,g557f2dbbfe,noise logger,val
ce6b09ac87525,leak,leak,gbb125903cd,noise logger,val
ce6e8406e4611,no_leak,no_leak,g1a1e006151,noise logger,test
ce739a13228a2,no_leak,no_leak,g953e24b384,noise logger,val
ce771af614f4e,leak,leak,gf2b8dc8cc4,noise logger,test
ce7890384071e,leak,leak,g8c35de79ea,noise logger,test
ce7ade7ead403,no_leak,no_leak,g3fbe7ffa72,noise logger,test
ce888f1dcc998,no_leak,noise,g48faea8687,noise logger,train
ce8e3e604efc2,no_leak,no_leak,g3cc844e970,hydrophone,train
ce8e858b4feb5,no_leak,no_leak,g1a1e006151,noise logger,test
ce8ec2b9eb1e6,no_leak,no_leak,g953e24b384,noise logger,val
ce90e1bba068b,leak,leak,gf0e3e6996d,noise logger,val
ce914b2fa714b,leak,leak,gfe2c13e312,hydrophone,train
ce9306276d909,no_leak,no_leak,ge461b80ac9,hydrophone,train
ce99fd42b092c,no_leak,no_leak,g60510d1e14,hydrophone,val
ce9e41f1fb94c,leak,leak,g125193aea6,noise logger,val
ce9e94229ff8d,leak,leak,g84e6df9a56,noise logger,val
ce9f8e682dd05,leak,leak,g3430d68adc,hydrophone,train
ce9fd92c4a590,no_leak,no_leak,g60510d1e14,hydrophone,val
cea1a896ed055,leak,leak,g3a8833c1c3,noise logger,train
ceadd661714f4,no_leak,no_leak,g93f57e4971,noise logger,train
ceae8d33d3df9,leak,leak,g3d4b25b25b,noise logger,train
ceb33347ccde5,no_leak,no_leak,g05e2446a61,noise logger,train
ceb6b92f7014f,leak,leak,g8c9a02b901,noise logger,test
ceb7930de201b,leak,leak,g61c4edb6da,noise logger,val
ceb7bd6af5bb2,leak,leak,g4b989c8c92,hydrophone,train
cebff776d825f,leak,leak,gc9bce57238,noise logger,train
cec6eb5d6bb6d,no_leak,no_leak,gea042922d6,noise logger,train
cec900513d460,no_leak,noise,ga2e1cd2b30,noise logger,val
cece6c73e4c2c,no_leak,no_leak,g953e24b384,noise logger,val
cecee97a5f68b,no_leak,no_leak,g93f57e4971,noise logger,train
ced14aac5bc4b,leak,leak,g462d4b1089,hydrophone,train
ced788f1801c0,no_leak,no_leak,g3fbe7ffa72,noise logger,test
cedb58b88ad47,leak,leak,gfb96d0b918,hydrophone,train
cee953e2d677e,no_leak,no_leak,gea042922d6,noise logger,train
cef064422669b,no_leak,noise,g6cbb81280e,noise logger,test
cef72ea94f31b,leak,leak,g7d351db452,noise logger,train
cefc3c34b023a,no_leak,no_leak,g953e24b384,noise logger,val
cefce163453ec,no_leak,no_leak,g506666f9cd,noise logger,val
cf0203b39f111,leak,leak,g951b8e75a2,noise logger,train
cf076bc271b4d,no_leak,no_leak,g89cac0676b,hydrophone,test
cf0cec714c72c,no_leak,no_leak,g953e24b384,noise logger,val
cf13ae03abca4,no_leak,no_leak,g3fbe7ffa72,noise logger,test
cf1416fbfa060,no_leak,no_leak,g094234dd26,hydrophone,train
cf18efa6f8140,no_leak,no_leak,g1a1e006151,noise logger,test
cf20eb94343c1,no_leak,noise,g8dd889efaf,noise logger,val
cf30a5cc20f8f,leak,leak,gfde33bb53e,noise logger,test
cf3139a61a039,leak,leak,g068e265d28,noise logger,train
cf326419a4fd1,no_leak,noise,ga57a371b12,noise logger,train
cf380ea25a6e8,no_leak,no_leak,g93f57e4971,noise logger,train
cf3aa514d44bd,no_leak,no_leak,g506666f9cd,noise logger,val
cf3c65fad2914,no_leak,no_leak,g05e2446a61,noise logger,train
cf4479d3a94a4,no_leak,noise,ga57a371b12,noise logger,train
cf49b0d124b71,leak,leak,g3d5a76ee91,hydrophone,train
cf4c7a3c10ff8,leak,leak,g73533571c1,hydrophone,test
cf4d3f55a31db,leak,leak,geac9851f1d,noise logger,train
cf5098eb05e07,no_leak,no_leak,g094234dd26,hydrophone,train
cf591447e4f2d,leak,leak,g16dba11b35,hydrophone,train
cf5b0b2b7b49e,no_leak,no_leak,g1a1e006151,noise logger,test
cf5d0f60ed9c7,leak,leak,gbb284a8204,noise logger,train
cf5ecd8ea527c,leak,leak,g4aaf064e27,noise logger,train
cf63fc929563a,leak,leak,g84e6df9a56,noise logger,val
cf67383e28a59,leak,leak,g125193aea6,noise logger,val
cf6854f88121d,leak,leak,gf0e3e6996d,noise logger,val
cf6ef9ac3c7d2,leak,leak,g2568a67ee7,noise logger,train
cf707df74d074,leak,leak,g8c35de79ea,noise logger,test
cf7132f496056,no_leak,noise,g4f536cdb1f,noise logger,train
cf73f96cf1612,leak,leak,gf1c04860a1,hydrophone,train
cf77a652c5c7e,leak,leak,gd633d9c2a7,noise logger,test
cf7a6821aa59d,leak,leak,g4a6cc41e32,noise logger,train
cf7b9a4168a3a,no_leak,no_leak,g953e24b384,noise logger,val
cf7be2e3090ec,no_leak,no_leak,ge461b80ac9,hydrophone,train
cf832e40b0d24,leak,leak,g0acca23c7a,noise logger,train
cf916a496c467,no_leak,no_leak,g1a1e006151,noise logger,test
cf9cb173ecb0c,no_leak,no_leak,g93f57e4971,noise logger,train
cfa176d0021b2,no_leak,no_leak,g93f57e4971,noise logger,train
cfa95a14b4d7d,no_leak,no_leak,g93f57e4971,noise logger,train
cfa97c90a7351,no_leak,no_leak,g094234dd26,hydrophone,train
cfb09e0398315,leak,leak,g920bffa786,noise logger,train
cfb359dcca238,leak,leak,g14c7558ceb,noise logger,train
cfbf0b917b01c,no_leak,no_leak,g3cc844e970,hydrophone,train
cfc0e625fbb0d,leak,leak,ga64206c2eb,noise logger,train
cfca7d097adda,leak,leak,g0144df7ccf,noise logger,train
cfcca8941c20e,no_leak,no_leak,gea042922d6,noise logger,train
cfd344e8d3d03,no_leak,no_leak,gea042922d6,noise logger,train
cfdc594e4e897,no_leak,no_leak,g3cc844e970,hydrophone,train
cfe91097f0a9f,leak,leak,gfa0873ca10,NA,train
cfe96ddf1bb64,leak,leak,gde53b015c4,hydrophone,train
cfea1368453c6,leak,leak,g84e6df9a56,noise logger,val
cfec080e3b840,no_leak,no_leak,g953e24b384,noise logger,val
cfee4f9fd8787,no_leak,no_leak,g953e24b384,noise logger,val
cfef34587304a,leak,leak,gf108757733,noise logger,train
cff534b9287cd,leak,leak,g4c6731efc4,noise logger,test
cff7b80d1e412,no_leak,no_leak,gcd751f65bd,noise logger,test
cffc7c8347bce,no_leak,noise,gbc5a7596b0,noise logger,train
cffe7e7913ec3,no_leak,no_leak,gcd751f65bd,noise logger,test
cfffab6130809,no_leak,no_leak,g3fbe7ffa72,noise logger,test
